{
  "token": "yourtokenhere",

  "use-reactions": false,
  "hangman-mode": false,
  "hangman-hints": true,
  "hide-difficulty": false,
  "auto-delete-msgs": false,
  "auto-delete-msgs-timer": 15000,
  "auto-delete-answers": true,
  "auto-delete-answers-timer": 0,
  "round-length": 15000,
  "round-timeout": 4000,
  "round-end-warnings-disabled": false,
  "rounds-end-after": 2,
  "use-fixed-rounds": false,
  "rounds-fixed-number": 15,
  "disable-score-display": false,
  "score-value": { "easy": 100, "medium": 200, "hard": 300 },
  "score-multiplier-max": 0,
  "command-whitelist": [],
  "accept-first-answer-only": false,
  "reveal-answers": true,

  "prefix": "trivia ",
  "allow-eval": true,
  "shard-count": "auto",
  "disable-admin-commands": false,
  "disable-version-check": false,
  "allow-bots": false,
  "databaseURL": "https://opentdb.com",
  "database-merge": false,
  "database-cache-size": 32,
  "database-allow-long-answers": false,
  "stat-file": "./stats.json",
  "stat-guild-recording": false,
  "embed-color": "006CFF",
  "channel-whitelist": [],
  "config-commands-enabled": false,

  "additional-packages": [],
  "additional-packages-root": [],
  "debug-mode": false,
  "debug-log": false,
  "debug-database-flush": false,
  "display-ascii-logo": false,
  "fallback-mode": false,
  "fallback-silent": false,
  "fallback-exceptions": [],
  "fallback-intents": false,

  "enable-listings": false,
  "listing-tokens": {
    "botsfordiscord.com": "optionaltokenhere",
    "discord.bots.gg": "optionaltokenhere",
    "discordlist.space": "optionaltokenhere",
    "top.gg": "optionaltokenhere"
  }
}
